AA,1.02,-0.64,0,-1.37,0.99,-1.89,0.83,-0.12,-0.84,-0.9,0.36,0.51,-0.93,-0.12,0.46,0.67,-1.37,0.59,-0.13,0.99,0.59,-1.37,-0.81,0.46,0.83,-0.7,-0.77,-1.02,-0.83,-0.36,-0.17,-1.37,0.06,0.5,0.27,1.59,0.11,-0.11
AC,-0.92,-0.83,-0.65,0,-1.36,-0.16,0.27,-0.88,1.11,-0.12,-1.04,1.03,0.26,-0.88,-0.7,-0.56,0,-1.28,-0.89,-1.36,-1.28,0,0.1,0.6,0.68,0.85,0.97,0.91,-0.24,0.42,0.64,0,1.5,0.5,0.8,0.13,1.29,1.04
AG,0.49,-0.89,-1.33,0,-0.8,-0.44,0.27,-0.5,0.02,-0.12,-0.88,0.15,-0.99,-0.5,-0.12,0.08,0,0.23,-0.49,-0.8,0.23,0,-0.5,-1.15,-1.14,-0.57,-0.61,-0.49,-0.24,-1.14,-1.41,0,0.78,0.36,0.09,0.68,-0.24,-0.62
AT,0.57,-1.05,2.09,-1.37,-0.1,-0.75,1.4,-1.39,-0.58,-1.37,-1.9,1.97,1.03,-0.63,0.23,0.65,-1.37,-0.49,-0.62,-0.1,-0.49,-1.37,-1.46,-0.87,-0.43,3.16,-0.67,-0.57,-1.43,-1.71,-1.68,-1.37,1.07,0.22,0.62,-1.02,2.51,1.17
CA,0.57,1.51,0.6,0,1.19,0.98,-0.11,-0.12,-0.92,-0.12,1.22,-1.38,0.45,-0.12,-1.02,-1.36,0,1.1,-0.13,1.19,1.09,0,-0.01,-0.24,-0.3,0.03,-0.04,-0.57,0.16,-0.25,-0.37,0,-1.38,-1.36,-0.27,-0.86,-0.62,-1.25
CC,-0.07,0.36,-0.06,1.37,-1.19,1.4,-1.23,1.4,0.67,2.08,-0.5,-0.58,-0.5,1.4,1.31,1.14,1.37,-0.49,1.41,-1.19,-0.49,1.37,0.86,-0.73,-1.28,-0.79,-0.76,0.07,0.96,1.26,1.29,1.37,0.06,1.08,0.09,0.56,-0.82,0.24
CG,-0.58,2.23,-1.14,1.37,-0.27,0.8,-2.17,2.04,0.19,0.67,0.75,-1.82,2.36,2.04,1.71,1.36,1.37,0.66,2.04,-0.27,0.66,1.37,1.57,1.65,1.34,-0.41,-0.76,0.61,2.35,1.77,1.43,1.37,-1.66,-1.22,-0.44,-0.82,-0.29,-1.39
CT,0.49,-0.89,-1.33,0,-0.8,-0.44,0.27,-0.5,0.02,-0.12,-0.88,0.15,-0.99,-0.5,-0.12,0.08,0,0.23,-0.49,-0.8,0.23,0,-0.5,-1.15,-1.14,-0.57,0.5,-0.49,-0.24,-1.14,-1.41,0,0.78,0.36,0.09,0.68,-0.24,-0.62
GA,-0.65,-0.14,1.11,0,1.02,-0.27,0.27,-0.5,-0.22,-0.12,0.83,0.15,-0.19,-0.5,-1.1,-1.25,0,-0.41,-0.49,1.02,-0.4,0,0.17,-0.03,-0.04,-0.43,0.52,0.65,-0.24,0.09,0.19,0,-0.08,0.5,0.27,0.13,-0.39,0.71
GC,-2.46,-0.3,0.79,1.37,0.32,0.47,-1.23,1.4,2.35,0.67,-0.22,0.59,1.52,1.4,1.35,1.16,1.37,-1.71,1.41,0.32,-1.71,1.37,2,2.35,2.1,0.08,2.52,2.45,1.35,1.04,0.84,1.37,-0.08,0.22,1.33,-0.35,0.65,1.59
GG,-0.07,0.36,-0.06,1.37,-1.19,1.4,-1.23,1.4,0.67,2.08,-0.5,-0.58,-0.5,1.4,1.31,1.14,1.37,-0.49,1.41,-1.19,-0.49,1.37,0.86,-0.73,-1.28,-0.79,0.5,0.07,0.96,1.26,1.29,1.37,0.06,1.08,0.09,0.56,-0.82,0.24
GT,-0.92,-0.83,-0.65,0,-1.36,-0.16,0.27,-0.88,1.11,-0.12,-1.04,1.03,0.26,-0.88,-0.7,-0.56,0,-1.28,-0.89,-1.36,-1.28,0,0.1,0.6,0.68,0.85,0.97,0.91,-0.24,0.42,0.64,0,1.5,0.5,0.8,0.13,1.29,1.04
TA,1.6,0.42,-1.06,-1.37,0.32,0.23,1.4,-0.63,-1.6,-1.37,1.41,-0.51,-1.11,-1.39,-0.93,-0.63,-1.37,2.03,-1.37,0.32,2.04,-1.37,-1.75,-1.01,-0.51,0.39,-1.49,-1.6,-1.43,-1.14,-0.96,-1.37,-1.23,-2.37,-0.44,-2.24,-1.51,-1.39
TC,-0.65,-0.14,1.11,0,1.02,-0.27,0.27,-0.5,-0.22,-0.12,0.83,0.15,-0.19,-0.5,-1.1,-1.25,0,-0.41,-0.49,1.02,-0.4,0,0.17,-0.03,-0.04,-0.43,0.52,0.65,-0.24,0.09,0.19,0,-0.08,0.5,0.27,0.13,-0.39,0.71
TG,0.57,1.51,0.6,0,1.19,0.98,-0.11,-0.12,-0.92,-0.12,1.22,-1.38,0.45,-0.12,-1.02,-1.36,0,1.1,-0.13,1.19,1.09,0,-0.01,-0.24,-0.3,0.03,-0.61,-0.57,0.16,-0.25,-0.37,0,-1.38,-1.36,-0.27,-0.86,-0.62,-1.25
TT,1.02,-0.64,0,-1.37,0.99,-1.89,0.83,-0.12,-0.84,-0.9,0.36,0.51,-0.93,-0.12,0.46,0.67,-1.37,0.59,-0.13,0.99,0.59,-1.37,-0.81,0.46,0.83,-0.7,-0.77,-1.02,-0.83,-0.36,-0.17,-1.37,0.06,0.5,-3.28,1.59,0.11,-0.11
